{
  "Light Load": {
    "load_test": {
      "total_requests": 15,
      "successful_requests": 15,
      "failed_requests": 0,
      "success_rate": 1.0,
      "total_time": 0.9981787204742432,
      "requests_per_second": 15.027369039557739,
      "avg_response_time": 0.014099836349487305,
      "median_response_time": 0.013222932815551758,
      "p95_response_time": 0,
      "p99_response_time": 0,
      "error_breakdown": {}
    },
    "baseline_stats": {
      "nginx_proxy": {
        "cpu_percent": 0.0,
        "memory_mb": 18.23828125
      },
      "redis": {
        "cpu_percent": 0.9934178999295279,
        "memory_mb": 9.54296875
      },
      "backend_server_1": {
        "cpu_percent": 0.005936395759717314,
        "memory_mb": 16.171875
      },
      "backend_server_2": {
        "cpu_percent": 0.007498238195912615,
        "memory_mb": 15.6875
      },
      "backend_server_3": {
        "cpu_percent": 0.0049157303370786515,
        "memory_mb": 15.6640625
      }
    },
    "post_test_stats": {
      "nginx_proxy": {
        "cpu_percent": 0.0,
        "memory_mb": 18.48828125
      },
      "redis": {
        "cpu_percent": 1.1408510638297873,
        "memory_mb": 9.796875
      },
      "backend_server_1": {
        "cpu_percent": 0.0033663366336633663,
        "memory_mb": 16.3125
      },
      "backend_server_2": {
        "cpu_percent": 0.0066341463414634145,
        "memory_mb": 16.2890625
      },
      "backend_server_3": {
        "cpu_percent": 0.01679205110007097,
        "memory_mb": 16.25
      }
    }
  },
  "Medium Load": {
    "load_test": {
      "total_requests": 25,
      "successful_requests": 25,
      "failed_requests": 0,
      "success_rate": 1.0,
      "total_time": 1.088876724243164,
      "requests_per_second": 22.959440167459295,
      "avg_response_time": 0.011299991607666015,
      "median_response_time": 0.008488178253173828,
      "p95_response_time": 0.02975430488586426,
      "p99_response_time": 0,
      "error_breakdown": {}
    },
    "baseline_stats": {
      "nginx_proxy": {
        "cpu_percent": 0.0,
        "memory_mb": 18.25390625
      },
      "redis": {
        "cpu_percent": 1.0677478753541076,
        "memory_mb": 10.04296875
      },
      "backend_server_1": {
        "cpu_percent": 0.00118560338743825,
        "memory_mb": 16.30859375
      },
      "backend_server_2": {
        "cpu_percent": 0.006920903954802259,
        "memory_mb": 16.2890625
      },
      "backend_server_3": {
        "cpu_percent": 0.010432931156848829,
        "memory_mb": 16.25
      }
    },
    "post_test_stats": {
      "nginx_proxy": {
        "cpu_percent": 0.0,
        "memory_mb": 18.74609375
      },
      "redis": {
        "cpu_percent": 0.5936925287356322,
        "memory_mb": 9.8125
      },
      "backend_server_1": {
        "cpu_percent": 0.0025724381625441698,
        "memory_mb": 16.359375
      },
      "backend_server_2": {
        "cpu_percent": 0.004782918149466193,
        "memory_mb": 16.3203125
      },
      "backend_server_3": {
        "cpu_percent": 0.00577524893314367,
        "memory_mb": 17.18359375
      }
    }
  },
  "Heavy Load": {
    "load_test": {
      "total_requests": 40,
      "successful_requests": 33,
      "failed_requests": 7,
      "success_rate": 0.825,
      "total_time": 1.2449960708618164,
      "requests_per_second": 32.1286154520239,
      "avg_response_time": 0.012825481819384026,
      "median_response_time": 0.008814096450805664,
      "p95_response_time": 0.0338630199432373,
      "p99_response_time": 0,
      "error_breakdown": {
        "HTTPSConnectionPool(host='localhost', port=443): Max retries exceeded with url: / (Caused by ResponseError('too many 503 error responses'))": 7
      }
    },
    "baseline_stats": {
      "nginx_proxy": {
        "cpu_percent": 0.0,
        "memory_mb": 18.265625
      },
      "redis": {
        "cpu_percent": 0.8404985754985754,
        "memory_mb": 9.80859375
      },
      "backend_server_1": {
        "cpu_percent": 0.003472714386959603,
        "memory_mb": 16.359375
      },
      "backend_server_2": {
        "cpu_percent": 0.004551236749116608,
        "memory_mb": 16.3203125
      },
      "backend_server_3": {
        "cpu_percent": 0.004858356940509915,
        "memory_mb": 17.18359375
      }
    },
    "post_test_stats": {
      "nginx_proxy": {
        "cpu_percent": 0.0,
        "memory_mb": 18.28125
      },
      "redis": {
        "cpu_percent": 0.8786685552407932,
        "memory_mb": 10.0625
      },
      "backend_server_1": {
        "cpu_percent": 0.0037597173144876326,
        "memory_mb": 16.375
      },
      "backend_server_2": {
        "cpu_percent": 0.003982930298719772,
        "memory_mb": 16.3515625
      },
      "backend_server_3": {
        "cpu_percent": 0.002083628632175762,
        "memory_mb": 17.2421875
      }
    }
  },
  "Peak Load": {
    "load_test": {
      "total_requests": 30,
      "successful_requests": 29,
      "failed_requests": 1,
      "success_rate": 0.9666666666666667,
      "total_time": 0.9318802356719971,
      "requests_per_second": 32.19297807981346,
      "avg_response_time": 0.015213316884534112,
      "median_response_time": 0.0123138427734375,
      "p95_response_time": 0.038736939430236816,
      "p99_response_time": 0,
      "error_breakdown": {
        "HTTPSConnectionPool(host='localhost', port=443): Max retries exceeded with url: / (Caused by ResponseError('too many 503 error responses'))": 1
      }
    },
    "baseline_stats": {
      "nginx_proxy": {
        "cpu_percent": 0.0,
        "memory_mb": 18.28125
      },
      "redis": {
        "cpu_percent": 1.0762747875354106,
        "memory_mb": 9.8125
      },
      "backend_server_1": {
        "cpu_percent": 0.010646766169154229,
        "memory_mb": 16.375
      },
      "backend_server_2": {
        "cpu_percent": 0.004176136363636364,
        "memory_mb": 16.3515625
      },
      "backend_server_3": {
        "cpu_percent": 0.004076704545454546,
        "memory_mb": 17.2421875
      }
    },
    "post_test_stats": {
      "nginx_proxy": {
        "cpu_percent": 0.0,
        "memory_mb": 18.53515625
      },
      "redis": {
        "cpu_percent": 0.9975744680851063,
        "memory_mb": 9.56640625
      },
      "backend_server_1": {
        "cpu_percent": 0.005845718329794763,
        "memory_mb": 16.38671875
      },
      "backend_server_2": {
        "cpu_percent": 0.004480796586059744,
        "memory_mb": 16.3515625
      },
      "backend_server_3": {
        "cpu_percent": 0.0020762711864406778,
        "memory_mb": 17.25
      }
    }
  },
  "Extreme Load": {
    "load_test": {
      "total_requests": 36,
      "successful_requests": 31,
      "failed_requests": 5,
      "success_rate": 0.8611111111111112,
      "total_time": 1.0309500694274902,
      "requests_per_second": 34.91924688456698,
      "avg_response_time": 0.013597311512116463,
      "median_response_time": 0.008465766906738281,
      "p95_response_time": 0.030692100524902344,
      "p99_response_time": 0,
      "error_breakdown": {
        "HTTPSConnectionPool(host='localhost', port=443): Max retries exceeded with url: / (Caused by ResponseError('too many 503 error responses'))": 5
      }
    },
    "baseline_stats": {
      "nginx_proxy": {
        "cpu_percent": 0.0,
        "memory_mb": 18.29296875
      },
      "redis": {
        "cpu_percent": 0.8265060240963854,
        "memory_mb": 9.8125
      },
      "backend_server_1": {
        "cpu_percent": 0.0030801987224982254,
        "memory_mb": 16.38671875
      },
      "backend_server_2": {
        "cpu_percent": 0.006940509915014164,
        "memory_mb": 16.3515625
      },
      "backend_server_3": {
        "cpu_percent": 0.0033806818181818183,
        "memory_mb": 17.24609375
      }
    },
    "post_test_stats": {
      "nginx_proxy": {
        "cpu_percent": 0.0,
        "memory_mb": 18.30859375
      },